,loc,scale
re_pc,226.588059,3.884153
odds,40.128773,1.526635
dra0,-0.018248,0.002840
dde0,-0.003710,0.002198
dist,86e3,6e3